<?xml version="1.0" encoding="UTF-8"?>
<!--
Click nbfs://nbhost/SystemFileSystem/Templates/Licenses/license-default.txt to change this license
Click nbfs://nbhost/SystemFileSystem/Templates/XML/XMLDocument.xml to edit this template
-->



<root>
<navigation-rule>
    <from-view-id>/home.xhtml</from-view-id>
    <navigation-case>
        <from-outcome>lieu</from-outcome>
        <to-view-id>/lieu.xhtml</to-view-id>
    </navigation-case>
</navigation-rule>

<navigation-rule>
    <from-view-id>/lieu.xhtml</from-view-id>
    <navigation-case>
        <from-outcome>home</from-outcome>
        <to-view-id>/home.xhtml</to-view-id>
        <redirect/>
    </navigation-case>
</navigation-rule>
</root>

